INSERT INTO Users (UserID, Username, FirstName, LastName, DateOfBirth, Password, DateAdded) 
VALUES 
(1, 'npurser0', 'Nannie', 'Purser', '1939-10-03', 'qY2$9#4Do0', '2023-09-14T03:31:31Z'),
(2, 'eschlag1', 'Eloisa', 'Schlag', '1972-04-27', 'lR3{hWNy', '2023-09-30T11:23:11Z'),
(3, 'gtasseler2', 'Gallagher', 'Tasseler', '1952-11-10', 'lF1#2*JA|\\o', '2024-03-10T23:33:48Z'),
(4, 'bhanigan3', 'Brit', 'Hanigan', '2006-06-06', 'uF3!W)iPEszS', '2023-09-10T14:00:16Z'),
(5, 'zcusick4', 'Zacharias', 'Cusick', '1930-07-05', 'iY4~>\-MW+', '2024-04-18T21:15:02Z'),
(6, 'mvaar5', 'Massimo', 'Vaar', '1923-01-04', 'oH7*)N>C6KZ?R2', '2024-03-04T02:23:04Z'),
(7, 'tbernette6', 'Tripp', 'Bernette', '1964-01-15', 'gA4&=,Pk,u$#O', '2024-08-31T02:54:08Z'),
(8, 'fpurdey7', 'Ferdy', 'Purdey', '1985-10-23', 'mP9$>{r/5H', '2023-12-12T16:21:45Z'),
(9, 'dkimberly8', 'Danette', 'Kimberly', '1931-12-16', 'mH7\\p.SCQY|a!l', '2023-12-19T05:31:34Z'),
(10, 'bmaha9', 'Barty', 'Maha', '1994-10-28', 'yQ5=q\-R38/', '2024-08-11T15:06:06Z'),
(11, 'ssautera', 'Sheilah', 'Sauter', '1942-12-21', 'bQ5|Kl5M~o#*T7r', '2024-06-12T00:04:38Z'),
(12, 'mbugbeeb', 'Matty', 'Bugbee', '1986-10-24', 'wW9`lMycA>/`,)c', '2024-05-18T08:19:47Z'),
(13, 'ljensonc', 'Lief', 'Jenson', '1947-02-09', 'rJ8`K<9DKm.T*7|', '2024-02-14T05:59:48Z'),
(14, 'msparrowd', 'Madeleine', 'Sparrow', '2014-09-15', 'pE1{&PJ|F#Ec|<$5', '2024-01-16T09:24:12Z'),
(15, 'tblackleeche', 'Tobe', 'Blackleech', '1994-02-13', 'rH9{$i8@K8y*J!k/', '2024-03-12T17:06:47Z'),
(16, 'ckleslf', 'Candide', 'Klesl', '1995-12-06', 'dF6@uveg@fVn', '2024-03-11T06:45:57Z'),
(17, 'ihissieg', 'Inez', 'Hissie', '1970-11-19', 'uR1`o)PWW', '2023-09-29T09:15:13Z'),
(18, 'ldroverh', 'Lesya', 'Drover', '1966-03-16', 'tR0*7/hl$', '2023-09-19T08:12:45Z'),
(19, 'sdugaldi', 'Sheela', 'Dugald', '1910-02-20', 'mX5,)GT)o', '2023-09-16T21:51:15Z'),
(20, 'idarnboroughj', 'Iver', 'Darnborough', '1921-09-27', 'sD4\-C=08.', '2024-05-22T11:58:58Z'),
(21, 'fanderk', 'Felice', 'Ander', '1936-02-15', 'tM8`!5a#(a}o2H$t', '2024-04-04T16:26:26Z'),
(22, 'gkilshalll', 'Griselda', 'Kilshall', '2003-08-21', 'nM4#4+s+', '2024-04-22T05:52:29Z'),
(23, 'crosenbloomm', 'Crawford', 'Rosenbloom', '1935-08-30', 'hV0=l)l0Q', '2024-04-27T15:58:17Z'),
(24, 'tcoppockn', 'Trumann', 'Coppock', '1942-07-07', 'bU7\-eR~0`3+~J>1', '2024-07-15T02:06:03Z'),
(25, 'ahanniganeo', 'Ailis', 'Hannigane', '1978-10-10', 'gV2~t|\\@e@XA', '2024-07-05T02:03:39Z');
(26, 'lormrodp', 'Lonny', 'Ormrod', '1949-01-17', 'eF9>l&Kw[', '2024-02-05T10:23:12Z'),
(27, 'fdumbletonq', 'Freida', 'Dumbleton', '1980-05-11', 'vM2{y$PEn|R4', '2024-06-25T12:11:43Z'),
(28, 'mgammonr', 'Marty', 'Gammon', '1992-03-24', 'cX4*9yWsA', '2024-03-07T20:43:01Z'),
(29, 'fkertonas', 'Fay', 'Kertona', '1977-09-29', 'qB5&1~}eEz', '2024-08-04T11:19:27Z'),
(30, 'hmelmotht', 'Harlan', 'Melmoth', '1963-11-14', 'zH8~lP[o@a|', '2023-12-08T09:12:18Z'),
(31, 'tretelinu', 'Terese', 'Retelin', '1990-07-21', 'rP3&d<9oF!', '2023-10-17T04:31:56Z'),
(32, 'ctummellv', 'Cort', 'Tummell', '1951-06-30', 'kQ7#8+Vw|L', '2024-05-01T07:13:45Z'),
(33, 'ehonannw', 'Erina', 'Honann', '1971-08-11', 'hM6\*T{6Lq+', '2024-01-20T18:28:39Z'),
(34, 'sbrisbornx', 'Shelley', 'Brisborn', '1965-03-15', 'nF2%J]3oWm', '2023-09-21T14:45:13Z'),
(35, 'rvinstony', 'Reade', 'Vinston', '1933-11-18', 'wC5\{7@PwCk', '2024-02-18T16:41:29Z'),
(36, 'nmacgookinz', 'Neville', 'Macgookin', '2000-12-12', 'sK7&8yTf@', '2024-06-11T07:02:19Z'),
(37, 'ygleadhalla0', 'Yancey', 'Gleadhall', '1984-02-25', 'tL0!o{P[2|V6', '2023-11-22T19:55:43Z'),
(38, 'kfluryb1', 'Kathryn', 'Flury', '1958-05-05', 'yX2>i&7mU', '2023-10-02T08:36:24Z'),
(39, 'ahumbell2', 'Aldon', 'Humbell', '1940-04-19', 'rM9@3k7aP!', '2024-05-19T13:50:05Z'),
(40, 'blinckb3', 'Bertine', 'Linck', '1997-01-31', 'vD5^q,2B{&', '2024-07-23T12:41:18Z'),
(41, 'mwalderb4', 'Moira', 'Walder', '1934-09-22', 'pH0#7|TkRv', '2023-11-07T22:18:34Z'),
(42, 'afinklemanb5', 'Ashly', 'Finkleman', '1967-02-07', 'zL6%d&3Es', '2024-08-02T07:05:15Z'),
(43, 'lclifftb6', 'Lyle', 'Clifft', '1954-06-17', 'jT8#k^N(3L', '2024-01-26T11:21:33Z'),
(44, 'hcantwellb7', 'Hillary', 'Cantwell', '1982-10-06', 'sQ5$y}3Dp', '2023-09-25T10:32:49Z'),
(45, 'dknaptonb8', 'Davy', 'Knapton', '1999-04-29', 'lM1@o(8BfZ', '2023-12-05T14:03:25Z'),
(46, 'rlefrebvreu9', 'Randy', 'Lefrebvre', '2005-08-18', 'kQ3$!z4Vx', '2023-11-13T11:50:01Z'),
(47, 'afreeburnb10', 'Arden', 'Freeburn', '1955-09-12', 'vW4%f.5Td', '2024-06-28T09:12:58Z'),
(48, 'pbamforthb11', 'Perry', 'Bamforth', '1948-07-24', 'cS7#u=1Mk', '2024-02-24T08:17:44Z'),
(49, 'rclendinningb12', 'Raul', 'Clendinning', '1973-11-08', 'yE9@x6(4Lu', '2024-04-11T03:50:19Z'),
(50, 'dtorrecillob13', 'Darn', 'Torrecillo', '1961-12-04', 'wF6&n{9PmJ', '2024-03-29T06:15:30Z');


INSERT INTO Friends (FriendID, FriendWhoAdded, FriendBeingAdded, IsAccepted, DateAdded) 
VALUES 
(1, 5, 14, false, '2004-09-22 21:47:31'),
(2, 3, 11, true, '2001-07-20 01:38:17'),
(3, 12, 6, false, '2007-07-04 07:25:35'),
(4, 3, 6, false, '2020-11-25 11:30:27'),
(5, 11, 21, true, '2015-09-01 05:11:10'),
(6, 1, 18, false, '2011-05-06 23:23:54'),
(7, 17, 14, false, '2004-05-04 06:46:22'),
(8, 21, 2, false, '2022-06-08 20:11:52'),
(9, 21, 22, false, '2000-07-17 15:52:07'),
(10, 24, 21, true, '2022-02-09 17:55:11'),
(11, 20, 24, false, '2008-06-11 01:33:12'),
(12, 19, 4, true, '2011-04-19 14:46:49'),
(13, 17, 22, false, '2008-08-22 15:54:22'),
(14, 9, 15, false, '2013-10-20 16:17:08'),
(15, 19, 25, true, '2011-01-15 13:27:07'),
(16, 2, 13, false, '2017-08-22 01:08:55'),
(17, 21, 17, true, '2015-01-30 22:15:18'),
(18, 4, 18, false, '2015-06-02 02:26:58'),
(19, 2, 15, true, '2009-11-01 00:10:28'),
(20, 14, 13, false, '2022-12-04 00:05:22'),
(21, 20, 21, true, '2003-12-01 18:01:53'),
(22, 19, 17, true, '2002-03-04 16:50:55'),
(23, 12, 3, true, '2015-11-28 21:02:36'),
(24, 5, 24, false, '2021-08-19 06:14:36'),
(25, 11, 24, true, '2020-02-17 03:50:31');



INSERT INTO Groups (GroupID, GroupName, CreatedBy, DateAdded) 
VALUES 
(1, 'accumsan tortor quis turpis sed ante vivamus tortor duis mattis egestas metus aenean fermentum', 1200500751, '1976-11-25 04:16:57'),
(2, 'vitae mattis nibh ligula nec sem duis aliquam convallis nunc proin at turpis a pede', 680322467, '2009-08-25 23:47:59'),
(3, 'nulla tempus vivamus in felis eu sapien cursus vestibulum proin eu mi nulla', 1522270911, '1992-09-06 10:52:43'),
(4, 'nulla eget eros elementum pellentesque quisque porta volutpat erat quisque erat eros viverra eget congue eget semper rutrum', 93025972, '2022-07-21 19:13:34'),
(5, 'vel est donec odio justo sollicitudin ut suscipit a feugiat', 1060576944, '2023-06-09 00:33:20'),
(6, 'nullam orci pede venenatis non sodales sed tincidunt eu felis fusce posuere felis', 1276374411, '1995-08-02 03:26:52'),
(7, 'morbi sem mauris laoreet ut rhoncus aliquet pulvinar sed nisl nunc rhoncus dui vel sem sed sagittis nam congue', 65646034, '1984-05-27 22:01:31'),
(8, 'viverra dapibus nulla suscipit ligula in lacus curabitur at ipsum ac tellus semper interdum', 272545589, '1976-11-22 21:16:11'),
(9, 'ligula in lacus curabitur at ipsum ac tellus semper interdum mauris ullamcorper purus sit amet nulla quisque arcu', 1077797666, '2003-10-11 08:56:54'),
(10, 'ut dolor morbi vel lectus in quam fringilla rhoncus mauris enim leo rhoncus sed vestibulum sit', 2078606989, '1978-11-07 07:48:56'),
(11, 'eu nibh quisque id justo sit amet sapien dignissim vestibulum vestibulum ante ipsum primis in faucibus', 310753880, '2006-03-08 21:01:37'),
(12, 'morbi a ipsum integer a nibh in quis justo maecenas rhoncus aliquam lacus', 1812613550, '1981-10-12 18:29:17'),
(13, 'nulla tellus in sagittis dui vel nisl duis ac nibh fusce lacus purus aliquet at', 610146391, '2023-12-03 07:51:59'),
(14, 'proin at turpis a pede posuere nonummy integer non velit donec diam neque vestibulum eget vulputate ut ultrices vel', 416773598, '2014-08-06 23:27:55'),
(15, 'tellus nisi eu orci mauris lacinia sapien quis libero nullam sit amet turpis elementum ligula vehicula', 559764250, '2022-11-17 13:38:43'),
(16, 'ligula suspendisse ornare consequat lectus in est risus auctor sed tristique in tempus sit amet sem fusce consequat', 879233397, '1971-09-20 07:24:43'),
(17, 'cras non velit nec nisi vulputate nonummy maecenas tincidunt lacus at velit vivamus vel nulla eget eros elementum pellentesque quisque', 699499455, '2011-02-23 17:11:20'),
(18, 'donec posuere metus vitae ipsum aliquam non mauris morbi non lectus aliquam', 969443037, '1991-06-07 20:09:57'),
(19, 'suscipit nulla elit ac nulla sed vel enim sit amet nunc viverra dapibus nulla suscipit ligula in lacus curabitur at', 1277390645, '1988-03-30 21:56:41'),
(20, 'massa tempor convallis nulla neque libero convallis eget eleifend luctus ultricies eu', 267114515, '1989-12-30 11:19:20'),
(21, 'elementum in hac habitasse platea dictumst morbi vestibulum velit id pretium iaculis diam erat', 1203132079, '2012-10-22 05:34:43'),
(22, 'risus semper porta volutpat quam pede lobortis ligula sit amet eleifend', 930420629, '1979-06-30 14:40:23'),
(23, 'imperdiet nullam orci pede venenatis non sodales sed tincidunt eu felis fusce posuere felis sed', 1137146490, '1980-04-06 23:53:04'),
(24, 'congue etiam justo etiam pretium iaculis justo in hac habitasse platea dictumst etiam faucibus cursus urna', 698705035, '2002-07-06 09:53:41'),
(25, 'nec euismod scelerisque quam turpis adipiscing lorem vitae mattis nibh ligula nec sem duis aliquam convallis', 8841291, '1986-09-03 04:28:12');
(26, 'viverra eget congue eget semper rutrum nulla nunc purus phasellus in', 50975234, '1997-02-15 18:22:31'),
(27, 'ultrices erat tortor sollicitudin mi sit amet lobortis sapien sapien', 1075436219, '2016-11-28 11:15:52'),
(28, 'accumsan felis ut at dolor quis odio consequat varius integer ac leo pellentesque', 49873154, '1993-03-12 12:49:33'),
(29, 'sed accumsan felis ut at dolor quis odio consequat varius integer ac leo pellentesque ultrices mattis odio donec', 847126539, '2017-08-23 04:14:27'),
(30, 'volutpat dui maecenas tristique est et tempus semper est quam', 1147236659, '2004-01-16 09:17:05'),
(31, 'sed magna at nunc commodo placerat praesent blandit nam nulla integer pede justo lacinia eget tincidunt', 163594542, '2019-10-10 15:33:58'),
(32, 'donec dapibus duis at velit eu est congue elementum in', 1385028719, '2001-05-30 03:21:44'),
(33, 'accumsan odio curabitur convallis duis consequat dui nec nisi volutpat eleifend donec ut dolor morbi', 264958074, '2013-11-21 06:43:21'),
(34, 'suspendisse potenti nullam porttitor lacus at turpis donec posuere metus vitae', 615197808, '1996-06-18 11:56:32'),
(35, 'et magnis dis parturient montes nascetur ridiculus mus vivamus vestibulum sagittis sapien cum sociis', 174205409, '2021-03-14 22:05:15'),
(36, 'nisi vulputate nonummy maecenas tincidunt lacus at velit vivamus vel nulla eget eros elementum pellentesque quisque porta volutpat erat', 954685013, '2005-02-09 04:42:17'),
(37, 'dictumst etiam faucibus cursus urna ut tellus nulla ut erat id mauris vulputate elementum nullam varius', 737657194, '1983-09-27 18:31:09'),
(38, 'mattis egestas metus aenean fermentum donec ut mauris eget massa tempor convallis nulla neque libero convallis eget eleifend luctus', 94806245, '1998-05-08 19:04:36'),
(39, 'augue vestibulum rutrum rutrum neque aenean auctor gravida sem praesent id massa', 679829753, '1974-06-12 08:09:02'),
(40, 'vel lectus in quam fringilla rhoncus mauris enim leo rhoncus sed vestibulum sit amet cursus id', 809470546, '1982-01-11 12:24:19'),
(41, 'praesent blandit lacinia erat vestibulum sed magna at nunc commodo placerat praesent blandit nam nulla integer pede justo', 65023457, '2018-05-01 14:17:11'),
(42, 'velit eu est congue elementum in hac habitasse platea dictumst morbi vestibulum velit id pretium', 504312180, '2007-07-13 16:29:57'),
(43, 'mauris morbi non lectus aliquam sit amet diam in magna bibendum imperdiet nullam orci pede venenatis non sodales sed', 329415364, '1999-11-22 03:15:47'),
(44, 'accumsan tellus nisi eu orci mauris lacinia sapien quis libero nullam sit amet turpis elementum', 104826598, '2000-08-04 01:58:49'),
(45, 'sit amet turpis elementum ligula vehicula consequat morbi a ipsum integer a nibh in quis justo maecenas rhoncus aliquam', 126472153, '2012-12-18 08:23:41'),
(46, 'in est risus auctor sed tristique in tempus sit amet sem fusce consequat nulla nisl nunc nisl duis', 744058681, '2015-07-20 05:47:18'),
(47, 'lectus in quam fringilla rhoncus mauris enim leo rhoncus sed vestibulum sit amet cursus id turpis integer aliquet massa', 982614913, '1994-03-31 17:21:50'),
(48, 'amet justo morbi ut odio cras mi pede malesuada in imperdiet et commodo', 528482590, '2008-06-05 09:02:12'),
(49, 'aenean auctor gravida sem praesent id massa id nisl venenatis lacinia aenean sit amet justo morbi ut odio cras', 331156742, '2010-01-14 19:23:29'),
(50, 'tortor sollicitudin mi sit amet lobortis sapien sapien non mi integer ac neque duis bibendum morbi', 405362391, '2023-10-15 02:11:57');

INSERT INTO Posts (PostID, PostDescription, PostedBy, IsPublic, IsOnlyForFriends, GroupID, DatePosted) 
VALUES
(1, 'justo etiam pretium iaculis justo in hac habitasse platea dictumst etiam faucibus cursus urna', 1, true, false, 16, '2000-10-20 03:20:37'),
(2, 'sociis natoque penatibus et magnis dis parturient montes nascetur ridiculus mus vivamus', 15, false, false, 17, '2005-03-08 14:51:13'),
(3, 'lacinia sapien quis libero nullam sit amet turpis elementum ligula vehicula consequat', 20, false, false, 11, '1978-03-21 08:07:11'),
(4, 'justo morbi ut odio cras mi pede malesuada in imperdiet et commodo vulputate justo', 16, false, false, 10, '2024-09-24 02:02:59'),
(5, 'proin at turpis a pede posuere nonummy integer non velit donec diam neque vestibulum eget vulputate ut ultrices vel augue', 10, true, true, 25, '2000-04-20 04:50:16'),
(6, 'elementum pellentesque quisque porta volutpat erat quisque erat eros viverra eget congue eget semper rutrum nulla nunc purus phasellus in', 22, true, false, 4, '2024-02-10 01:15:06'),
(7, 'suspendisse accumsan tortor quis turpis sed ante vivamus tortor duis mattis egestas metus aenean', 21, true, false, 20, '1986-04-19 13:37:49'),
(8, 'lectus in est risus auctor sed tristique in tempus sit amet sem', 5, false, true, 23, '2015-03-16 03:55:55'),
(9, 'eget congue eget semper rutrum nulla nunc purus phasellus in felis donec semper sapien a libero', 5, false, false, 2, '1984-06-14 00:01:09'),
(10, 'placerat praesent blandit nam nulla integer pede justo lacinia eget tincidunt', 9, true, true, 25, '2010-06-30 23:15:40'),
(11, 'ipsum primis in faucibus orci luctus et ultrices posuere cubilia curae nulla dapibus dolor vel est donec odio justo', 13, true, true, 9, '2012-10-17 00:50:58'),
(12, 'risus semper porta volutpat quam pede lobortis ligula sit amet eleifend pede libero quis orci nullam molestie', 13, true, false, 13, '1991-12-14 04:35:57'),
(13, 'in hac habitasse platea dictumst etiam faucibus cursus urna ut tellus nulla ut erat id mauris vulputate', 7, true, false, 15, '2018-10-16 07:33:31'),
(14, 'ligula sit amet eleifend pede libero quis orci nullam molestie nibh in', 21, true, true, 1, '2013-11-07 13:33:16'),
(15, 'pulvinar nulla pede ullamcorper augue a suscipit nulla elit ac nulla sed vel enim sit amet', 17, false, false, 24, '2002-08-17 16:36:19'),
(16, 'in imperdiet et commodo vulputate justo in blandit ultrices enim lorem ipsum', 18, true, false, 2, '1974-03-24 16:40:12'),
(17, 'dictumst maecenas ut massa quis augue luctus tincidunt nulla mollis molestie', 6, true, false, 2, '1995-07-10 18:40:15'),
(18, 'ac enim in tempor turpis nec euismod scelerisque quam turpis adipiscing lorem vitae', 8, false, false, 2, '1992-07-29 13:31:17'),
(19, 'condimentum neque sapien placerat ante nulla justo aliquam quis turpis eget elit sodales scelerisque mauris sit amet eros suspendisse', 17, true, false, 14, '2021-04-26 03:20:21'),
(20, 'nibh fusce lacus purus aliquet at feugiat non pretium quis lectus', 18, true, true, 21, '2011-01-23 05:30:28'),
(21, 'in hac habitasse platea dictumst morbi vestibulum velit id pretium iaculis diam erat', 16, false, false, 23, '2022-12-29 00:56:50'),
(22, 'nulla tempus vivamus in felis eu sapien cursus vestibulum proin eu mi', 3, false, true, 3, '2003-09-02 18:54:21'),
(23, 'iaculis justo in hac habitasse platea dictumst etiam faucibus cursus urna ut tellus nulla ut erat', 1, true, true, 1, '1985-02-16 03:06:37'),
(24, 'lacinia sapien quis libero nullam sit amet turpis elementum ligula vehicula consequat morbi a ipsum integer a nibh in', 10, false, false, 13, '2021-11-13 07:55:57'),
(25, 'massa tempor convallis nulla neque libero convallis eget eleifend luctus', 1, false, true, 9, '2000-01-26 12:46:04');


INSERT INTO GroupMembershipRequests (GroupMemberShipRequestsID, GroupID, GroupMemberUserID, IsGroupMemberShipAccepted, DateAccepted) 
VALUES
(1, 5, 10, true, '2015-07-30 06:20:46'),
(2, 3, 25, false, '2033-06-15 03:34:20'),
(3, 7, 11, false, '2021-09-15 14:52:21'),
(4, 12, 14, false, '2010-03-12 14:04:45'),
(5, 1, 8, false, '2038-06-24 21:09:00'),
(6, 13, 14, true, '2011-08-07 17:25:32'),
(7, 14, 21, false, '2049-03-03 15:45:18'),
(8, 12, 15, false, '2010-11-08 13:30:09'),
(9, 5, 23, true, '2015-11-05 23:13:56'),
(10, 6, 23, true, '2008-04-09 23:59:32'),
(11, 21, 3, true, '2033-05-26 10:58:43'),
(12, 2, 8, true, '2045-06-23 02:44:21'),
(13, 21, 2, true, '2008-12-30 23:34:51'),
(14, 1, 3, false, '2012-08-30 02:04:35'),
(15, 10, 19, false, '2015-12-12 22:26:30'),
(16, 7, 23, true, '2024-01-26 08:08:35'),
(17, 9, 21, true, '2038-09-03 11:01:48'),
(18, 8, 25, true, '2034-12-20 11:05:09'),
(19, 14, 13, false, '2032-11-18 05:22:22'),
(20, 8, 3, false, '2027-04-15 13:53:42'),
(21, 16, 4, true, '2021-01-22 13:46:13'),
(22, 19, 2, true, '2027-07-28 23:05:08'),
(23, 13, 18, false, '2001-07-29 14:43:53'),
(24, 22, 1, false, '2045-11-06 19:16:25'),
(25, 5, 9, false, '2030-05-07 18:22:38');

